contents_id	title	description	category_list	url	image	icon-img	blank	priority	tag1	tag2	tag3
1001	3D設計技術「長谷工版BIM（ビム）」	55万戸（2014年6月末現在）を越えるマンション施工実績を持つ長谷工の新技術。マンションに特化した3D設計技術「長谷工版BIM（ビム）」についてご紹介いたします。	magazine	/magazine/article/bim.php	/thm/magazine-bim.png				長谷工の技術	NULL	NULL
1002	女性編集部員のモデルルームチェック！	モデルルームをチェックするのは、ブランシエラクラブ編集部員の女性陣。子育てをしながら働く彼女たちならではの視点で、厳しくチェックします！	magazine	/magazine/article/modelroom.php	/thm/magazine-modelroom.png				長谷工の技術	NULL	NULL
1003	長谷工プレミアムアフターサービス	長谷工コーポレーションが提供している、マンションご購入後のアフターサービス「長谷工プレミアムアフターサービス」の特徴についてお答えいたします！	magazine	/magazine/article/pas.php	/thm/magazine-pas.png				暮らしのサービス	インタビュー	NULL
1004	長谷工のリサイクルショップ「カシコシュ」	購入者の70%超がリピーター!長谷工のリサイクルショップ「カシコシュ」の秘密を、実際の担当者に聞いてきました！	magazine	/magazine/article/kasikosh.php	/thm/magazine-kasikosh.png				暮らしのサービス	インタビュー	特典あり
1005	次世代型マンション企画「Be-Next」	マンションが、もっと広く、もっと快適・安心に。 長谷工の次世代型マンション企画「Be-Next」の秘密を実際の担当者に聞いてきました！	magazine	/magazine/article/benext.php	/thm/magazine-benext.png				長谷工の技術	インタビュー	NULL
1006	マンション建て替え事業	「建て替えを検討した時、家族の将来について考えた」。建て替え事業は、住まう方が将来の暮らしを具体的に考える絶好の機会でもあります。	magazine	/magazine/article/bcyamamoto.php	/thm/magazine-bcyamamoto.png				長谷工の技術	インタビュー	NULL
1007	（仮）市川行徳		magazine					-1	NULL	NULL	NULL
1008	長谷工のインテリア相談サービス「インテリアサロン」	世界中のメーカーや職人が日々作り出す家具の数々。その中からお気に入りの逸品と出会うお手伝いをすること。それが、インテリアサロンの仕事です。	magazine	/magazine/article/intech.php	/thm/magazine-intech.png				暮らしのサービス	インタビュー	特典あり
1009	遠くに離れたご高齢者をそっと見守る新サービス	長谷工コミュニティが初めてお届けする高齢者向けサービス。離れてお住まいのご高齢者をそっと見守り、安心を支えます。	magazine	/magazine/article/senior.php	/thm/magazine-senior.png				暮らしのサービス	インタビュー	NULL
1010	【長谷工のリフォーム】豊富な実績と確かな技術で叶えるマンション・戸建てリフォーム	長谷工グループの一員として、豊かな経験と最新の技術で住み継がれる住まいを残すため、さまざまなソリューションを提供する。	magazine	/magazine/article/reform.php	/thm/magazine-reform.png				暮らしのサービス	インタビュー	特典あり
1011	【長谷工の賃貸】入居者とオーナーの両面から賃貸をサポート	きめ細かな賃貸マンションの管理運営により資産価値を高め、入居者さまに快適なマンションライフを提供する長谷工の賃貸サービス。	magazine	/magazine/article/rent.php	/thm/magazine-rent.png				暮らしのサービス	インタビュー	特典あり
1012	【長谷工の高齢者サービス】ライフ＆シニアハウス日暮里	長谷工グループの有料老人ホーム「ライフ＆シニアハウス日暮里」をご紹介します。	magazine	/magazine/article/senior-nippori.php	/thm/magazine-senior-nippori.png				暮らしのサービス	インタビュー	特典あり
1014	【長谷工のシニア事業】高齢者住宅・在宅ケアサービス	住まいのオンリーワングループである「長谷工グループ」の安定した経営基盤とマンション施工実績、シニア事業30年来の実績を活かし、高齢者のみなさまの快適な毎日を提供いたします。	magazine	/magazine/article/senior-service.php	/thm/magazine-senior-service.png				暮らしのサービス	インタビュー	特典あり
1013	【長谷工の高齢者サービス】センチュリーハウス武蔵浦和	（株）センチュリーハウスが運営する有料老人ホーム「センチュリーハウス武蔵浦和」を取材しました。	magazine	/magazine/article/senior-urawa.php	/thm/magazine-senior-urawa.png				暮らしのサービス	インタビュー	特典あり
1015	【長谷工の保険サービス】お住まいの方の安心なマンションライフをサポート	きめ細やかなサポートと迅速な対応でマンションに潜むリスクをケアし、安全・安心で快適なマンションライフを実現する長谷工の保険サービス。	magazine	/magazine/article/insurance.php	/thm/magazine-insurance.png				暮らしのサービス	インタビュー	NULL
1016	心地よい暮らしを応援する【長谷工のリフォーム】	豊富な知識と経験を生かしてお客さまのご要望にお応えする「長谷工リフォーム」。	magazine	/magazine/article/reform3.php	/thm/magazine-reform3.png				暮らしのサービス	インタビュー	特典あり
2001	【西台・高島平】整備された穏やかな緑道を歩く	「高島平」駅を抜け「西高島平」駅近くまで続く緑道は、自然を満喫できる公園として周辺住民に親しまれています。	town	/magazine/article/green.php	/thm/town-green.png				エリア情報	NULL	NULL
2002	【西台・高島平】商業施設やお洒落なお店が揃う	毎日のお買い物に便利なエリア。複合商業施設「メトロ・エム」をはじめ、「高島平とうきゅう」や「ケーヨーデイツー」もあり！	town	/magazine/article/area.php	/thm/town-area.png				エリア情報	NULL	NULL
2003	【西台・高島平】23区内、大手町へ直通29分	西台・高島平エリアの特徴は、何といっても都心が身近なことです。「高島平」駅から始発利用可。都心主要駅からの終電は0時前後！	town	/magazine/article/access.php	/thm/town-access.png				エリア情報	NULL	NULL
2004	【洋菓子製造販売】菓子工房 ガトーマスダ	何個でも食べられそう？！50年以上に渡りフルーツの洋酒漬を中心に加工を行う菓子材料製造の老舗の「完熟アップルパイ」	town	/magazine/article/spot-3.php	/thm/town-spot-3.png				エリア情報	NULL	NULL
2005	【欧風カレー】インディラ	研究に10年以上の歳月を費やして生まれたというカレー。ヤミツキになる辛さにハマる人続出！食べるほどに味わい深い「欧風カレー」。	town	/magazine/article/spot-2.php	/thm/town-spot-2.png				エリア情報	NULL	NULL
2006	【カフェ】cafe hana hana	手作りのデリ＆スイーツで幸せ気分をチャージ!北欧雑貨や季節のデコレーションが心を和ませてくれるキュートなほっこりカフェ。	town	/magazine/article/spot-1.php	/thm/town-spot-1.png				エリア情報	NULL	NULL
2007	【カフェ】ネストカフェ	地元育ちのご主人と奥さまが経営するご近所付き合いが楽しくなる止まり木カフェ。	town2	/magazine/article/urawa-01.php	/thm/town-urawa-1.png			3	エリア情報	NULL	NULL
2008	【鰻】鰻 むさし乃	浦和が誇るふわトロの肉厚鰻。初めて食べた方は「びっくりした」という感想を残すほどの極上品。	town2	/magazine/article/urawa-02.php	/thm/town-urawa-2.png			2	エリア情報	NULL	NULL
2009	【洋菓子】ダンテ工房店	数々の賞を受賞！国産の無添加チーズにこだわったチーズケーキ。	town2	/magazine/article/urawa-03.php	/thm/town-urawa-3.png			1	エリア情報	NULL	NULL
3001	メルマガ配信・会報誌のお届け	会員さまには月に1回メールマガジンを、年に3回ブランシエラレター（会報誌）をお届けします。	gift	/gift/article/mail.php	/thm/gift-mail.png				その他サービス	NULL	NULL
3002	商品企画アンケートへのご参加	会員さまのご意見を商品企画へと反映するために、アンケートを実施しております。お答えいただいた方の中から抽選でプレゼントもご用意。	gift	/gift/article/enq.php	/thm/gift-enq.png				プレゼント	アンケート	NULL
3004	ブランド家具ご購入優待割引	事前にショールームへのご来場予約をされた会員さまに、長谷工インテック取扱いブランド家具を優待割引！	gift	/gift/article/furniture.php	/thm/gift-furniture.png				暮らしのサービス	優待・割引	NULL
3005	不動産売却無料査定	長谷工リアルエステートの「無料査定」をご利用いただけます。	gift	/gift/article/sale.php	/thm/gift-sale.png			-1	暮らしのサービス	優待・割引	NULL
3006	ブランド品・貴金属などの宅配買取「最大5,000円UP」	ご自宅から商品を送るだけで安心買取・簡単3ステップの宅配買取「最大5,000円UP」を実施中！	gift	/gift/article/kasikosh.php	/thm/gift-kasikosh.png				暮らしのサービス	優待・割引	NULL
3007	賃貸マンション仲介手数料最大50％OFF	「長谷工アイネット」を利用して賃貸物件に入居された場合、仲介手数料最大50％OFFを実施いたします。	gift	/gift/article/inet.php	/thm/gift-inet.png				暮らしのサービス	優待・割引	NULL
3010	長谷工グループの高齢者住宅「無料」体験宿泊	長谷工グループの「センチュリーライフ」「生活科学運営」が運営する高齢者住宅にて体験宿泊が無料でご利用いただけます。	gift	/gift/article/nursing.php	/thm/gift-nursing.png				暮らしのサービス	優待・割引	NULL
3008	ご高齢者向けサービス「長谷工あんしん見守りサービス」優待割引	離れてお住まいのご高齢のご家族を「そっと」見守るサービスをご優待価格でご利用いただけます。	gift	/gift/article/senior.php	/thm/gift-senior.png			-1	暮らしのサービス	優待・割引	NULL
3009	リフォーム工事で大丸松坂屋のグルメギフトをプレゼント！	長谷工リフォームのリフォーム工事でご成約時の金額が100万円以上の方に大丸松坂屋のグルメギフトをプレゼント！	gift	/gift/article/reform.php	/thm/gift-reform.png			-1	暮らしのサービス	優待・割引	NULL
3011	【総額100万円！】うれしい旅立ちプレゼントキャンペーン	ブランシエラクラブサイトが、見やすく、もっと楽しくリニューアル！さらに長谷工IDスタートを記念して、スペシャルプレゼントをご用意しました。ぜひふるってご応募ください！	gift	/gift/article/jtb.php	/thm/gift-jtb.png	end			プレゼント	NULL	NULL
4001	長谷工ならではの技術見学会 Vol.1 レポート	2015年2月7日（土）、「長谷工ライフ研修センター」にて、マンション管理で実際に使用されている建築設備・機器類の技術見学会を開催しました。	event	/event/article/seeing.php	/thm/event-seeing.png	review			イベント	レポート	NULL
4002	「ブランシエラ板橋西台」WEBアンケート	2014年7月に「ブランシエラ板橋西台」商品企画に関するアンケート調査を実施し、魅力を感じる外観デザインやプランなどについてみなさまの声をお聞きしました。	enq	/event/article/enq_nishidai.php	/thm/gift-enq.png	review			アンケート	レポート	NULL
4003	南千住商品企画アンケート		event					-1	プレゼント	アンケート	NULL
4004	商品企画アンケートへのご参加	会員さまのご意見を商品企画へと反映するために、アンケートを実施しております。お答えいただいた方の中から抽選でプレゼントもご用意。	event	/gift/article/enq.php	/thm/gift-enq.png			-1	アンケート	NULL	NULL
4005	長谷工ならではの技術見学会 Vol.2	≪ 限定公開 ≫“長谷工の最先端マンション技術”を紹介する一般非公開施設に特別ご招待！	event	/event/article/seeing-l.php	/thm/event-seeing-l.png			-1	イベント	NULL	NULL
4006	長谷工ならではの技術見学会 Vol.2 レポート	2016年1月16日（土）、長谷工のプレゼンテーションスペース「LIPS」にて、実際にマンションに使われている住宅設備や最新仕様の技術見学会を開催しました。	event	/event/article/report-l.php	/thm/event-report-l.png	review			イベント	レポート	NULL
4006	【脱ゆがみライフ！骨盤の調整レッスンご招待】会員さま限定イベント第1弾参加者募集！	参加無料の会員さま限定イベント第1弾は、話題の「骨盤の調整レッスン」。会員さまのためのスペシャルレッスン企画です。教えてくださるのはボディワークプロデューサーのkyoさん。独自のメソッドで提唱する「美しい骨盤づくり」を直々に伝授してくれます。この機会にぜひ、目からウロコの美ボディメソッドを体感してみませんか?	event	/event/article/event-kotsuban.php	/thm/event-kotsuban.png			-1	イベント	NULL	NULL
4007	松本哲也プロによるゴルフレッスンご招待	「長谷工住まいの大相談会～長谷工スーパーウィーク」にて、松本哲也プロによるパッティングのレッスンにご招待いたします。	event	/event/article/event-golf.php	/thm/event-golf.png	end		-1	イベント	NULL	NULL
4008	会員限定イベント第1弾　イベントレポート	2017年1月21日(土)、会員さま限定イベント第1弾といたしまして美しい骨盤づくりのボディワーク「b-i STYLE®」レッスンを開催いたしました	event	/event/article/report-kotsuban.php	/thm/event-kotsuban.png	review		11	イベント	レポート	NULL
4009	会員限定イベント第2弾　イベントレポート	松本哲也プロによるゴルフレッスン「ミニ講座＆レッスン！！ パッティング編」を開催しました。	event	/event/article/report-golf.php	/thm/event-golf.png	review		12	イベント	レポート	NULL
4010	まぼろしのお米『たなかみ米』田植え体験	会員さま限定イベント第3弾は、まぼろしのお米『たなかみ米』田植え体験イベントを開催します。田植えを通じて「食育体験」をぜひお楽しみください。	event	/event/article/event-tanakami.php	/thm/event-tanakami.png	end		13	イベント	NULL	NULL
4011	JAL工場見学～SKY MUSEUM～ご招待 / 会員限定イベント第4弾	なかなか予約が取りづらい有名スポット。大人から子供まで楽しめる体験型ミュージアムへ会員さまをご招待いたします。	event	/event/article/event-jal.php	/thm/event-jal.png	end		14	イベント	NULL	NULL
4012	PGAスペシャルプロアマ大会2017 ご招待	「マルハンカップ太平洋クラブシニア」の会場にて、同大会に出場するシニアトッププロと一緒に1ラウンドプレーできる「スペシャルプロアマ大会」へご招待いたします。みなさま、奮ってご応募ください。	event	/event/article/event-golf2.php	/thm/event-golf2.png	end		15	イベント	NULL	NULL
4013	脱ゆがみライフ！骨盤の調整レッスンご招待 ≪東京・大阪W開催≫	参加無料の会員さま限定イベント第5弾は、話題の「骨盤の調整レッスン」。会員さまのためのスペシャルレッスン企画です。この機会にぜひ、目からウロコの美ボディメソッドを体感してみませんか?	event	/event/article/event-kotsuban2.php	/thm/event-kotsuban.png	end		17	イベント	NULL	NULL
4014	まぼろしのお米『たなかみ米』～稲とアイガモの成長レポート～	会員さまイベント「田植え体験」でご参加のみなさまに植えていただいた稲を収穫までレポートいたします。	event	/event/article/report-tanakami.php	/thm/event-tanakami.png			16	イベント	レポート	NULL
4015	会員限定イベント第3弾　イベントレポート	会員さま限定イベント3回目の今回は、滋賀県大津市にある「長谷工あんしんデリ 大津農場」にて、田植え体験を実施しました。	event	/event/article/report-tanakami2.php	/thm/report-tanakami2.png			18	イベント	レポート	NULL
4016	会員限定イベント第4弾　イベントレポート	会員限定イベント第4弾は、なかなか予約がとれないことで有名な「JAL工場見学～SKY MUSEUM～」イベントでした！	event	/event/article/report-jal.php	/thm/report-jal.png			19	イベント	レポート	NULL
4017	ゴルフプロアマ大会参加・プロゴルフ観戦ツアーW開催	シニアトッププロと一緒に1ラウンドプレーできるプロアマ大会へご招待。あわせて、プロゴルフ決勝トーナメントの観戦ツアーも。みなさま、奮ってご応募ください。	event	/event/article/event-golf3.php	/thm/event-golf3.png	eend		20	イベント	NULL	NULL
5003	長谷工のマンション再生セミナー	アイスムが無料でご招待するイベント第1弾は、話題の「骨盤調整レッスン」。会員のためのスペシャルレッスン企画です。教えてくださるのはボディワークプロデューサーのkyoさん。独自のメソッドで提唱する「美しい骨盤づくり」を直々に伝授してくれます。この機会にぜひ、目からウロコの美ボディメソッドを体感してみませんか?	seminar	http://www.haseko.co.jp/saisei/seminar/	/thm/event-saisei.png		1	-1	セミナー	NULL	NULL
5004	長谷工住まいの大相談会	【住まいのこと、なんでもご相談】期間中、相談ブース常設！住まいのこと何でも相談できます。ぜひお気軽にお立ち寄りください。	seminar	/hsw/	/thm/event-hsw.png		1	-1	セミナー	イベント	NULL
6001	【ブランシエラ板橋西台】全員に当たる！竣工記念キャンペーン開催！	＜平成28年3月末日まで＞もれなく全員に当たる！竣工記念キャンペーンを開催中！	mansion	/event/article/event.php	/thm/event-nishidai.png			-1	イベント	NULL	NULL
6002	【ブランシエラ浦和駒場】ご来場特典プレゼント！	ご来場いただき、ブランシエラクラブにご入会いただいた方に、もれなくオリジナル防災グッズをプレゼント！	mansion	/event/article/event-urawa.php	/thm/event-urawa.png			-1	イベント	NULL	NULL
7001	Mr.わくわくメンテナンス講座 Vol.1	居室と外部をつなぐ大切な場所、玄関扉とサッシ編です。	wakuwaku	/magazine/article/w-vol01.php	/thm/waku-01.png				コラム	NULL	NULL
7002	Mr.わくわくメンテナンス講座 Vol.2	家族みんなで毎日使う場所。洗面台のお手入れ編です。	wakuwaku	/magazine/article/w-vol02.php	/thm/waku-02.png				コラム	NULL	NULL
7003	Mr.わくわくメンテナンス講座 Vol.3	健康な日常生活のための、大切な換気についてご紹介します。	wakuwaku	/magazine/article/w-vol03.php	/thm/waku-03.png				コラム	NULL	NULL
7004	Mr.わくわくメンテナンス講座 Vol.4	水の大切さについて考え、同時に室内の水廻り機器をチェックしましょう。	wakuwaku	/magazine/article/w-vol04.php	/thm/waku-04.png				コラム	NULL	NULL
7005	Mr.わくわくメンテナンス講座 Vol.5	夏を迎える前にきれいにしたい。おうちのおそうじポイント。	wakuwaku	/magazine/article/w-vol05.php	/thm/waku-05.png				コラム	NULL	NULL
7006	Mr.わくわくメンテナンス講座 Vol.6	夏を迎える前にきれいにしたい。おうちのおそうじポイント。Part2	wakuwaku	/magazine/article/w-vol06.php	/thm/waku-06.png				コラム	NULL	NULL
7007	Mr.わくわくメンテナンス講座 Vol.7	交換のサインを見逃さない！照明器具のメンテナンス。	wakuwaku	/magazine/article/w-vol07.php	/thm/waku-07.png				コラム	NULL	NULL
7008	Mr.わくわくメンテナンス講座 Vol.8	窓をあけてフレッシュな風をお部屋に！	wakuwaku	/magazine/article/w-vol08.php	/thm/waku-08.png				コラム	NULL	NULL
7009	Mr.わくわくメンテナンス講座 Vol.9	結露と上手に付き合って、冬のお部屋を快適に	wakuwaku	/magazine/article/w-vol09.php	/thm/waku-09.png				コラム	NULL	NULL
7010	Mr.わくわくメンテナンス講座 Vol.10	フレッシュな空気を効率的に取り込むための換気のチェックポイント	wakuwaku	/magazine/article/w-vol10.php	/thm/waku-10.png				コラム	NULL	NULL
8007	キッチン・換気サービス	毎日使うキッチンは、より便利な設計にすることで、日々の負担を軽くできます。暮らしの変化に合わせて、キッチンも見直しましょう。	exchange-hcg-hcm	/smile/article/hcm-kitchen.php	/thm/hcm-kitchen.png	exchange			暮らしのサービス	交換サービス	住まいレージ
8008	バスルームサービス	家族みんながリラックスできるバスルーム。使用年数が長い場合は、各設備の見直しをすることで、より快適なバスタイムをお過ごしいただけます。	exchange-hcg-hcm	/smile/article/hcm-bathroom.php	/thm/hcm-bathroom.png	exchange			暮らしのサービス	交換サービス	住まいレージ
8009	トイレ・洗面所サービス	水の使用量が多いトイレは、設備を見直すことでもっと経済的にすることが可能です。年数とともに劣化しやすい換気扇は、定期的に交換しましょう。	exchange-hcg-hcm	/smile/article/hcm-toilet.php	/thm/hcm-toilet.png	exchange			暮らしのサービス	交換サービス	住まいレージ
8003	不動産売買仲介手数料	不動産を売るときも買うときも、安心の長谷工グループで！仲介手数料のお支払いに、住まいレージをお使いいただけます。	exchange-hcg	/smile/article/hre-mediation.php	/thm/hre-mediation.png	exchange		29	暮らしのサービス	交換サービス	住まいレージ
8001	室内リフォーム工事	思い通りのお部屋を実現しませんか？住まいレージを利用してお得にリフォーム！	exchange-hcg	/smile/article/hrf-interior.php	/thm/hrf-interior.png	exchange		27	暮らしのサービス	交換サービス	住まいレージ
8004	ブランド家具ご購入	憧れのブランド家具で、お部屋をコーディネート！長谷工インテックなら、ブランド家具購入でも住まいレージがご利用いただけます。	exchange-hcg	/smile/article/hit-furniture.php	/thm/hit-furniture.png	exchange		30	暮らしのサービス	交換サービス	住まいレージ
8002	リノベーションマンション購入	中古マンションをリノベーションで「今」らしく、素敵に！住まいレージを利用してさらにお得。	exchange-hcg	/smile/article/hre-renovation.php	/thm/hre-renovation.png	exchange		28	暮らしのサービス	交換サービス	住まいレージ
8005	ハウスコーティング	毎日のお掃除がグッと楽になるハウスコーティング。フローリングや水回りの汚れも、コーティング後はさっとふき取ることができます。	exchange-hcg	/smile/article/hcm-housecoating.php	/thm/hcm-housecoating.png	exchange		25	暮らしのサービス	交換サービス	住まいレージ
8006	ハウスクリーニング	自分ではなかなか手の回らない、大掛かりな場所のお掃除も、プロに任せてピカピカに！	exchange-hcg	/smile/article/hcm-housecleaning.php	/thm/hcm-housecleaning.png	exchange		26	暮らしのサービス	交換サービス	住まいレージ
9001	オリジナルタンブラーをプレゼント！	Coming soon!	lottery	/gift/article/present.php	/thm/gift-present.png	new	2	-1	抽選賞品	住まいレージ	プレゼント
9003	抽選で20名さまに当たる！【レコルト】ソロブレンダーサンテ	1人分のスムージーが作れるブレンダー。コンパクトなサイズとシンプルな機能だから、毎日手軽に健康生活！	lottery	/smile/article/lottery-20161101.php	/thm/lottery-20161101.png	lottery		-1	抽選賞品	住まいレージ	NULL
9002	【脱ゆがみライフ！骨盤の調整レッスンご招待】会員さま限定イベント第1弾参加者募集！	参加無料の会員さま限定イベント第1弾は、話題の「骨盤の調整レッスン」。会員さまのためのスペシャルレッスン企画です。教えてくださるのはボディワークプロデューサーのkyoさん。独自のメソッドで提唱する「美しい骨盤づくり」を直々に伝授してくれます。この機会にぜひ、目からウロコの美ボディメソッドを体感してみませんか?	lottery	/event/article/event-kotsuban.php	/thm/event-kotsuban.png			-1	イベント	NULL	NULL
9004	抽選で20名さまに当たる！【レコルト】プレスサンドメーカー キルト	かわいいキルト模様のホットサンドが焼けるプレスサンドメーカー（レッド）。短時間でカリッとおいしく焼き上がります。	lottery	/smile/article/lottery-201612.php	/thm/lottery-201612.png	lottery		-1	抽選賞品	住まいレージ	NULL
9005	抽選で20名さまに当たる！【OXO】サラダバサミ	切れ味抜群のキッチンバサミ。かさが高い野菜も、これで切り刻めばたくさん食べられます。	lottery	/smile/article/lottery-201701.php	/thm/lottery-201701.png	lottery		-1	抽選賞品	住まいレージ	NULL
9006	【総額100万円！】うれしい旅立ちプレゼントキャンペーン	ブランシエラクラブサイトが、見やすく、もっと楽しくリニューアル！さらに長谷工IDスタートを記念して、スペシャルプレゼントをご用意しました。ぜひふるってご応募ください！	lottery	/gift/article/jtb.php	/thm/gift-jtb.png			-1	プレゼント	NULL	NULL
9007	抽選で15名さまに当たる！【ルルド】バスピロー	かわいい形のカラフルなバスピロー。完全防水・乾きやすい仕様なので毎日のバスタイムに使えます。心地よい刺激で1日の疲れもリフレッシュ。	lottery	/smile/article/lottery-201702.php	/thm/lottery-201702.png	lottery		-1	抽選賞品	住まいレージ	NULL
9008	抽選で10名さまに当たる！【レコルト】カプセルカッター キャトル	「刻む・混ぜる・練る・潰す・砕く」などすべての作業がアタッチメント付け替えなしで可能なフードプロセッサーです。	lottery	/smile/article/lottery-201703.php	/thm/lottery-201703.png	lottery		-1	抽選賞品	住まいレージ	NULL
9009	松本哲也プロによるゴルフレッスンご招待	「長谷工住まいの大相談会～長谷工スーパーウィーク」にて、松本哲也プロによるパッティングのレッスンにご招待いたします。	lottery	/event/article/event-golf.php	/thm/event-golf.png			-1	イベント	NULL	NULL
9010	抽選で15名さまに当たる！【イデア】BRUNOクーラートート	容量20Lのクーラートート。収納ポケットは全部で8つ！しっかり入るサイズ感と耐荷重20kgのバッグは、ピクニックだけでなく普段のお買い物にも便利な使いやすさです。	lottery	/smile/article/lottery-201704.php	/thm/lottery-201704.png	lottery		-1	抽選賞品	住まいレージ	NULL
9011	抽選で10名さまに当たる！【ボーネルンド】クアドリラ・ベーシックセット	自由に組み立てて、毎回ワクワクドキドキ！子どもの目線で作られた、ヨーロッパ発の優れたあそび道具です。	lottery	/smile/article/lottery-201705.php	/thm/lottery-201705.png	lottery		-1	抽選賞品	住まいレージ	NULL
9012	抽選で10名さまに当たる！【ソーダミニ】家庭用炭酸水メーカー 	家庭用炭酸水メーカー ソーダミニは弱炭酸から強炭酸まで、お好みの強さの炭酸水をご家庭で簡単につくることができます。毎日の飲料水はもちろん、料理や美肌のための洗顔水など幅広くお使いいただけます。	lottery	/smile/article/lottery-201706.php	/thm/lottery-201706.png	lottery		-1	抽選賞品	住まいレージ	NULL
9013	抽選で15名さまに当たる！【Made in TSUBAME】純銅タンブラー	伝統と歴史のある金属加工の街「新潟県燕市」で作られた抗菌作用・熱伝導に優れた純銅製のタンブラーです。	lottery	/smile/article/lottery-201707.php	/thm/lottery-201707.png	lottery		-1	抽選賞品	住まいレージ	NULL
9014	抽選で20名さまに当たる！【Coleman】レジャーシート ストライプ	アウトドアは大人を子どもに、子どもを大人にする特別なイベント。 Colemanのレジャーシートは安心で快適なアウトドアライフをサポートしてくれます。	lottery	/smile/article/lottery-201708.php	/thm/lottery-201708.png	lottery		-1	抽選賞品	住まいレージ	NULL
9015	抽選で10名さまに当たる！【Sterling Club】ソーラーダイナモラジオライト	ケーブルにつなぐだけでスマートフォンの充電ができる多機能ラジオライトチャージャーです。	lottery	/smile/article/lottery-201709.php	/thm/lottery-201709.png	lottery		4	抽選賞品	住まいレージ	NULL
10003	トゥルースリーパー プレミアム	弾力性・復元力に優れた、シングルサイズマットレス。お使いのベッドやお布団に重ねるだけで、毎日の眠りの質がアップ!	exchange-product	/smile/article/exchange-truesleeper.php	/thm/exchange-truesleeper.png	exchange		-1	交換商品	住まいレージ	NULL
10004	【シボレー】 折りたたみ自転車 FDB20R	アメリカの自動車ブランド、シボレーのおしゃれな折りたたみ自転車。持ち運びにも収納にも便利です。	exchange-product	/smile/article/exchange-fdb20r.php	/thm/exchange-fdb20r.png	exchange		-1	交換商品	住まいレージ	NULL
10001	【シャープ】電気無水鍋	素材の水分を活用して調理するから、素材本来の旨味がぎっしり！自動調理で楽々1品が完成です。	exchange-product	/smile/article/exchange-recipe.php	/thm/exchange-recipe.png	exchange		-1	交換商品	住まいレージ	NULL
10005	【ホテルオークラ】おかゆ・雑炊スープセット	世界の賓客をもてなす「ホテルオークラ」からの逸品。風味豊かなおかゆと雑炊スープをセットにしました。	exchange-product	/smile/article/exchange-okayu.php	/thm/exchange-okayu.png	exchange		-1	交換商品	住まいレージ	NULL
10002	【ダイソン】hot + cool AM09	夏は勢いのある風で涼しく、冬はより早く均一に部屋を暖めます。年間を通してお使いいただけるので、季節ごとに片付ける必要がありません。	exchange-product	/smile/article/exchange-am09.php	/thm/exchange-am09.png	exchange			交換商品	住まいレージ	NULL
10008	【ソニー】グラスサウンドスピーカー	有機ガラス管全面を振動させ、360度に音を広げて部屋全体を満たすグラスサウンドスピーカー。こだわり抜いたデザインから生まれるクリアな音色とともに、温かい光をつけるとお部屋のインテリアにもなります。	exchange-product	/smile/article/exchange-sound.php	/thm/exchange-sound.png	exchange			交換商品	住まいレージ	NULL
10009	【PHILIPS】ソニッケアーダイヤモンドクリーン ディープクリーンエディション	PHILIPSが生み出した独自開発の音波水流で歯垢を効果的に除去します。	exchange-product	/smile/article/exchange-sonic.php	/thm/exchange-sonic.png	exchange			交換商品	住まいレージ	NULL
10010	【iRobot】床拭きロボット ブラーバ ジェット 240	床拭きロボット ブラーバ ジェットは、キッチンの床や、手の届きにくいところにこびりついた汚れやベタつきをきれいに拭き取ります。	exchange-product	/smile/article/exchange-irobot.php	/thm/exchange-irobot.png	exchange			交換商品	住まいレージ	NULL
10011	【レコルト】ホームバーベキュー	テーブルで楽しむBBQスタイルが魅力のテーブルクッキングプレートです。パワフルな火力で、厚みのあるステーキ肉もジューシーにおいしく焼き上げます。	exchange-product	/smile/article/exchange-bbq.php	/thm/exchange-bbq.png	exchange			交換商品	住まいレージ	NULL
10012	【AQUA】ハンディ洗濯機コトン	世界初の手のひらサイズの洗濯機です。スプーン１杯（約5cc）の水で最短30秒でお洗濯が可能。暮らしの様々なシーンで活躍します。	exchange-product	/smile/article/exchange-coton.php	/thm/exchange-coton.png	exchange			交換商品	住まいレージ	NULL
10013	【ツインバード】くつ乾燥機	湿った革靴や洗い立てのスニーカーもカラリと乾燥してくれるくつ専用の乾燥機です。	exchange-product	/smile/article/exchange-shoes.php	/thm/exchange-shoes.png	exchange			交換商品	住まいレージ	NULL
10014	【エスビー食品】レストラン レトルトギフト ディナービーフカレー	レストランの味を気軽にご家庭で味わえるレトルトカレーセット。フォン・ド・ボーソースをベースにした欧風タイプのこだわりの味わいが特徴です。	exchange-product	/smile/article/exchange-curry.php	/thm/exchange-curry.png	exchange			交換商品	住まいレージ	NULL
10015	【レコルト】ソロカフェ	1カップ分のコーヒーを楽しめるコーヒーメーカー。自分好みのコーヒーを入れてホッと一息しませんか？	exchange-product	/smile/article/exchange-solokaffe.php	/thm/exchange-solokaffe.png	exchange			交換商品	住まいレージ	NULL
10016	たなかみのお米1.8kg	土づくりから田植え、稲刈りまで丹念に育て、収穫した「たなかみ米」は、いつもおいしい、いつも安心なお米です。	exchange-product	/smile/article/exchange-kome.php	/thm/exchange-kome.png	exchange			交換商品	住まいレージ	NULL
11001	【500スマイルプレゼント】会員さまアンケートを実施します！【アンケートは終了いたしました】	みなさまの声を取り入れ、ブランシエラクラブをより良いものにしていくために、会員さまにアンケートを実施させていただきます。【アンケートは終了いたしました】	enq	/enquete/article/enq-vol01.php	/thm/enq-vol01.png	end			アンケート	NULL	NULL
11002	【100スマイルプレゼント】第2回会員さまアンケートを実施します！	みなさまの声を取り入れ、ブランシエラクラブをより良いものにしていくために、会員さまにアンケートを実施させていただきます。	enq	/enquete/article/enq-vol02.php	/thm/enq-vol02.png	end		20	アンケート	NULL	NULL
11003	第1回会員さまアンケート レポート	アンケートにご回答いただいたみなさま、誠にありがとうございました。たくさんの方にご回答いただいたアンケートの結果と今後の方針をご案内させていただきます。	enq	/enquete/article/enq-vol01-report.php	/thm/enq-vol01-report.png			19	アンケート	レポート	NULL
11004	第2回会員さまアンケート レポート	アンケートにご回答いただいたみなさま、誠にありがとうございました。たくさんの方にご回答いただいたアンケートの結果と今後の方針をご案内させていただきます。	enq	/enquete/article/enq-vol02-report.php	/thm/enq-vol02-report.png	new		21	アンケート	レポート	NULL
11005	【100スマイルプレゼント】第3回会員さまアンケートを実施します！	みなさまの声を取り入れ、ブランシエラクラブをより良いものにしていくために、会員さまにアンケートを実施させていただきます。	enq	/enquete/article/enq-vol03.php	/thm/enq-vol02.png	end		22	アンケート	NULL	NULL
12001	第1話　片付けられない私に救世主アラワル！？	旦那さんとかわいい娘に囲まれて平和に暮らす、主婦のサクラ。実は、夫婦そろって片付けが苦手。モノが散らかっているこの家族を救ってくれたのは、身近なあの人だった！	comic	/magazine/article/comic-tidy01.php	/thm/comic01-01.png				コラム	暮らしのサービス	マンガ
12002	第2話　“いつか”なんて、やってこない！	片付けが苦手なサクラを救ってくれたのは、片付け上手のお母さん！いつか・いつか…と使う予定のないものを溜め込むサクラにお母さんが決めたルールとは？	comic	/magazine/article/comic-tidy02.php	/thm/comic01-02.png				コラム	暮らしのサービス	マンガ
12003	第3話　上手なサヨナラの方法	部屋に散らばるモノを整理できたけれど、思い出の品やブランド品を手放すとなるとちょっと気が引けるサクラ。潔く手放すことができるのか！？	comic	/magazine/article/comic-tidy03.php	/thm/comic01-03.png				コラム	暮らしのサービス	マンガ
12004	第4話　キッチン大革命	家事に育児に忙しく、なかなか食器を片付けができないサクラ。食器棚・シンク下・コンロ下など、収納場所に合わせて使いやすくしたいのだけど…。	comic	/magazine/article/comic-tidy04.php	/thm/comic01-04.png				コラム	暮らしのサービス	マンガ
12005	第5話　いざ、衣類の山へ！　	昔からの洋服や、普段は来ていない洋服など…洋服が家にあふれているサクラ。本当に必要な洋服っていったいどれくらいなんだろう？	comic	/magazine/article/comic-tidy05.php	/thm/comic01-05.png				コラム	暮らしのサービス	マンガ
12006	第6話　ラクラクシカク	いろんなカタチの洋服。どうやったら同じ大きさのケースに収納できるのかがわからない！たたむのが苦手なサクラは、きちんと洋服を収納できるのでしょうか？	comic	/magazine/article/comic-tidy06.php	/thm/comic01-06.png				コラム	暮らしのサービス	マンガ
12007	第7話　買い物上手？	特売やSALEの文字をも見ると、ついつい買いすぎてしまうストック品だけど、適量の考え方はとってもシンプルだった！	comic	/magazine/article/comic-tidy07.php	/thm/comic01-07.png				コラム	暮らしのサービス	マンガ
12008	第8話　お姫さまには逆らえない	コロコロ興味が変わる子どものおもちゃが、どんどん溢れて収拾つかなくなってきちゃった！？子ども納得のおもちゃの収納方法とは？	comic	/magazine/article/comic-tidy08.php	/thm/comic01-08.png				コラム	暮らしのサービス	マンガ
12009	第9話　パパの夢のお城	趣味は大事にしてほしいけれど、部屋中に趣味のモノが散乱するのは、ちょっと困る！マンガやゲーム、スポーツにアウトドア…趣味のモノってどこに置けばいいの？	comic	/magazine/article/comic-tidy09.php	/thm/comic01-09.png				コラム	暮らしのサービス	マンガ
12010	第10話　紙より団子？	毎日増えるレシートやクーポン、DMから家電製品の保証書など…いろんな書類の収納場所がわからない！簡単にできる家庭の書類の分類と収納方法って？	comic	/magazine/article/comic-tidy10.php	/thm/comic01-10.png				コラム	暮らしのサービス	マンガ
12011	第11話　かくれんぼの行方	扇風機や暖房器具など場所を取る季節家電が見当たらない？あんな大きなものが見つからないサクラの収納術を徹底改造する方法とは？	comic	/magazine/article/comic-tidy11.php	/thm/comic01-11.png				コラム	暮らしのサービス	マンガ
12012	第12話　リバウンドはダイエットだけじゃない！？	かなり部屋が片付いてきたサクラだけど、ちょっと気を抜くと、またいつものようにモノが溜まっている状態に！このままじゃ、また散らかったあの頃にリバウンドしちゃうかも！？	comic	/magazine/article/comic-tidy12.php	/thm/comic01-12.png				コラム	暮らしのサービス	マンガ
12013	第13話　魅惑のポイポイ	ついやってしまいがちなクセが、散らかる原因を作っているのかも…。サクラとショウのクセは、家に帰ってからのポイポイだった！？	comic	/magazine/article/comic-tidy13.php	/thm/comic01-13.png				コラム	暮らしのサービス	マンガ
12014	第14話　カリスマ主婦だって、夢じゃない！？	どこに何があるか把握できるようになってきたけれど、雑誌でよく見るような整頓された収納とは何だかちょっと違う感じ…。もう片付いているのに、何が違うのかな！？	comic	/magazine/article/comic-tidy14.php	/thm/comic01-14.png				コラム	暮らしのサービス	マンガ
12015	第15話　お母さんの失敗	いつの間にか増えているモノに気づいたサクラとお母さん。モノが増えているのには理由があるのだけど…まさかの原因がお母さんだった！？ 	comic	/magazine/article/comic-tidy15.php	/thm/comic01-15.png				コラム	暮らしのサービス	マンガ
12016	第16話　みんながいれば、大丈夫！	部屋もスッカリ片付いて、収納レッスンも卒業…！ってところなのに、なんだか浮かない顔のサクラ。また、あの散らかった部屋に戻ってしまったら…そんなサクラ一家へ、お母さんからの最後のレッスンとは？	comic	/magazine/article/comic-tidy16.php	/thm/comic01-16.png	new			コラム	暮らしのサービス	マンガ
13001	酸性・弱アルカリ性・中性、洗剤の種類と違いとは？	ダミーテキスト。野々山さんに確認中。	knowhow	/magazine/article/knowhow-m01.php	/thm/knowhow-m01.png	new		-1	コラム	暮らしのサービス	NULL
